"Tool","Best for","Pros","Cons","Replaceable by"
"Playwright","General browser automation, testing, scraping, agent workflows","Cross-browser, strong auto-waiting, great built-ins, parallelism, robust modern default","More “framework” than minimal library","Often replaces Selenium, many Puppeteer use cases, some Cypress use cases playwright+1"
"Selenium","Enterprise/browser compatibility, legacy stacks","Huge ecosystem, many languages, long-lived standard","More boilerplate, more flakiness, slower ergonomics","Often replaced by Playwright in greenfield work getautonoma+1"
"Puppeteer","Chrome/Chromium automation, scraping, direct browser control","Lightweight, direct CDP control, strong Chrome-first scripting","Mostly Chromium-centric, narrower than Playwright","Can be replaced by Playwright in many cases, but not always 1:1 firecrawl+1"
"Cypress","Frontend testing and debugging","Excellent DX, easy for UI tests","Less general-purpose than Playwright","Not usually a full replacement for Playwright/Selenium getautonoma+1"
"WebdriverIO","JS automation around WebDriver","Flexible, JS-friendly, mature","Less compelling than Playwright for new projects","Often overlaps with Selenium-style stacks eviltester"
"Capybara","Ruby/Rails testing","Very natural in Ruby ecosystem","Niche outside Ruby","Not a replacement for general cross-language tooling github"
"Firecrawl","Scraping + extraction + AI workflows","Agent-friendly, managed browser/extraction workflows","Not a pure test framework","Complements rather than replaces Playwright/Selenium firecrawl+1"
"Skyvern","AI-native website task completion","Handles changing sites better than brittle scripts","Less deterministic than classic frameworks","Complements classic tools for task automation skyvern"
"browser-use","LLM-driven browser control","Good for agent experiments","Not a mature test substitute","Complements classic tools github"
"AgentQ","Agentic browser automation","AI-first focus","Less established","Complements classic tools firecrawl"
"Apify","Hosted scraping/automation","Scalable, managed infrastructure","Platform-oriented","Complements code-first tools"
"Browse AI","No-code scraping/monitoring","Easy for non-developers","Less control/flexibility","Complements code-first tools"